{
  "project_info": {
    "project_number": "100630034891",
    "project_id": "testecurhat",
    "storage_bucket": "testecurhat.appspot.com"
  },
  "client": [
    {
      "client_info": {
        "mobilesdk_app_id": "1:100630034891:android:adddcb679725409f839e4e",
        "android_client_info": {
          "package_name": "com.google.firebase.codelab.friendlychat"
        }
      },
      "oauth_client": [
        {
          "client_id": "100630034891-rgl3gb94383g8q9s0ltlcb4rju7o4c04.apps.googleusercontent.com",
          "client_type": 3
        }
      ],
      "api_key": [
        {
          "current_key": "AIzaSyBfTfBeBjz9_XI5TPDnavQ_rxFmhHvHzPE"
        }
      ],
      "services": {
        "appinvite_service": {
          "other_platform_oauth_client": [
            {
              "client_id": "100630034891-rgl3gb94383g8q9s0ltlcb4rju7o4c04.apps.googleusercontent.com",
              "client_type": 3
            }
          ]
        }
      }
    },
    {
      "client_info": {
        "mobilesdk_app_id": "1:100630034891:android:e2f99249215f02eb839e4e",
        "android_client_info": {
          "package_name": "id.ac.umn.ecurhat"
        }
      },
      "oauth_client": [
        {
          "client_id": "100630034891-rgl3gb94383g8q9s0ltlcb4rju7o4c04.apps.googleusercontent.com",
          "client_type": 3
        }
      ],
      "api_key": [
        {
          "current_key": "AIzaSyBfTfBeBjz9_XI5TPDnavQ_rxFmhHvHzPE"
        }
      ],
      "services": {
        "appinvite_service": {
          "other_platform_oauth_client": [
            {
              "client_id": "100630034891-rgl3gb94383g8q9s0ltlcb4rju7o4c04.apps.googleusercontent.com",
              "client_type": 3
            }
          ]
        }
      }
    },
    {
      "client_info": {
        "mobilesdk_app_id": "1:100630034891:android:041367a8d0646559839e4e",
        "android_client_info": {
          "package_name": "umn.ac.id.e_curhat"
        }
      },
      "oauth_client": [
        {
          "client_id": "100630034891-rgl3gb94383g8q9s0ltlcb4rju7o4c04.apps.googleusercontent.com",
          "client_type": 3
        }
      ],
      "api_key": [
        {
          "current_key": "AIzaSyBfTfBeBjz9_XI5TPDnavQ_rxFmhHvHzPE"
        }
      ],
      "services": {
        "appinvite_service": {
          "other_platform_oauth_client": [
            {
              "client_id": "100630034891-rgl3gb94383g8q9s0ltlcb4rju7o4c04.apps.googleusercontent.com",
              "client_type": 3
            }
          ]
        }
      }
    }
  ],
  "configuration_version": "1"
}